{
    "token": [
        {
            "inputs": [],
            "stateMutability": "nonpayable",
            "type": "constructor"
        },
        {
            "anonymous": false,
            "inputs": [
                {
                    "indexed": true,
                    "internalType": "address",
                    "name": "owner",
                    "type": "address"
                },
                {
                    "indexed": true,
                    "internalType": "address",
                    "name": "spender",
                    "type": "address"
                },
                {
                    "indexed": false,
                    "internalType": "uint256",
                    "name": "value",
                    "type": "uint256"
                }
            ],
            "name": "Approval",
            "type": "event"
        },
        {
            "anonymous": false,
            "inputs": [
                {
                    "indexed": true,
                    "internalType": "bytes32",
                    "name": "role",
                    "type": "bytes32"
                },
                {
                    "indexed": true,
                    "internalType": "bytes32",
                    "name": "previousAdminRole",
                    "type": "bytes32"
                },
                {
                    "indexed": true,
                    "internalType": "bytes32",
                    "name": "newAdminRole",
                    "type": "bytes32"
                }
            ],
            "name": "RoleAdminChanged",
            "type": "event"
        },
        {
            "anonymous": false,
            "inputs": [
                {
                    "indexed": true,
                    "internalType": "bytes32",
                    "name": "role",
                    "type": "bytes32"
                },
                {
                    "indexed": true,
                    "internalType": "address",
                    "name": "account",
                    "type": "address"
                },
                {
                    "indexed": true,
                    "internalType": "address",
                    "name": "sender",
                    "type": "address"
                }
            ],
            "name": "RoleGranted",
            "type": "event"
        },
        {
            "anonymous": false,
            "inputs": [
                {
                    "indexed": true,
                    "internalType": "bytes32",
                    "name": "role",
                    "type": "bytes32"
                },
                {
                    "indexed": true,
                    "internalType": "address",
                    "name": "account",
                    "type": "address"
                },
                {
                    "indexed": true,
                    "internalType": "address",
                    "name": "sender",
                    "type": "address"
                }
            ],
            "name": "RoleRevoked",
            "type": "event"
        },
        {
            "anonymous": false,
            "inputs": [
                {
                    "indexed": true,
                    "internalType": "address",
                    "name": "from",
                    "type": "address"
                },
                {
                    "indexed": true,
                    "internalType": "address",
                    "name": "to",
                    "type": "address"
                },
                {
                    "indexed": false,
                    "internalType": "uint256",
                    "name": "value",
                    "type": "uint256"
                }
            ],
            "name": "Transfer",
            "type": "event"
        },
        {
            "inputs": [],
            "name": "BURNER_ROLE",
            "outputs": [
                {
                    "internalType": "bytes32",
                    "name": "",
                    "type": "bytes32"
                }
            ],
            "stateMutability": "view",
            "type": "function"
        },
        {
            "inputs": [],
            "name": "CURRENT_POINT_INDEX_SETTER_ROLE",
            "outputs": [
                {
                    "internalType": "bytes32",
                    "name": "",
                    "type": "bytes32"
                }
            ],
            "stateMutability": "view",
            "type": "function"
        },
        {
            "inputs": [],
            "name": "DEFAULT_ADMIN_ROLE",
            "outputs": [
                {
                    "internalType": "bytes32",
                    "name": "",
                    "type": "bytes32"
                }
            ],
            "stateMutability": "view",
            "type": "function"
        },
        {
            "inputs": [],
            "name": "MINTER_ROLE",
            "outputs": [
                {
                    "internalType": "bytes32",
                    "name": "",
                    "type": "bytes32"
                }
            ],
            "stateMutability": "view",
            "type": "function"
        },
        {
            "inputs": [
                {
                    "internalType": "address",
                    "name": "owner",
                    "type": "address"
                },
                {
                    "internalType": "address",
                    "name": "spender",
                    "type": "address"
                }
            ],
            "name": "allowance",
            "outputs": [
                {
                    "internalType": "uint256",
                    "name": "",
                    "type": "uint256"
                }
            ],
            "stateMutability": "view",
            "type": "function"
        },
        {
            "inputs": [
                {
                    "internalType": "address",
                    "name": "spender",
                    "type": "address"
                },
                {
                    "internalType": "uint256",
                    "name": "amount",
                    "type": "uint256"
                }
            ],
            "name": "approve",
            "outputs": [
                {
                    "internalType": "bool",
                    "name": "",
                    "type": "bool"
                }
            ],
            "stateMutability": "nonpayable",
            "type": "function"
        },
        {
            "inputs": [
                {
                    "internalType": "address",
                    "name": "account",
                    "type": "address"
                }
            ],
            "name": "balanceOf",
            "outputs": [
                {
                    "internalType": "uint256",
                    "name": "",
                    "type": "uint256"
                }
            ],
            "stateMutability": "view",
            "type": "function"
        },
        {
            "inputs": [
                {
                    "internalType": "address",
                    "name": "from",
                    "type": "address"
                },
                {
                    "internalType": "uint256",
                    "name": "amount",
                    "type": "uint256"
                }
            ],
            "name": "burn",
            "outputs": [],
            "stateMutability": "nonpayable",
            "type": "function"
        },
        {
            "inputs": [],
            "name": "currentPointIndex",
            "outputs": [
                {
                    "internalType": "uint256",
                    "name": "",
                    "type": "uint256"
                }
            ],
            "stateMutability": "view",
            "type": "function"
        },
        {
            "inputs": [],
            "name": "decimals",
            "outputs": [
                {
                    "internalType": "uint8",
                    "name": "",
                    "type": "uint8"
                }
            ],
            "stateMutability": "view",
            "type": "function"
        },
        {
            "inputs": [
                {
                    "internalType": "address",
                    "name": "spender",
                    "type": "address"
                },
                {
                    "internalType": "uint256",
                    "name": "subtractedValue",
                    "type": "uint256"
                }
            ],
            "name": "decreaseAllowance",
            "outputs": [
                {
                    "internalType": "bool",
                    "name": "",
                    "type": "bool"
                }
            ],
            "stateMutability": "nonpayable",
            "type": "function"
        },
        {
            "inputs": [
                {
                    "internalType": "bytes32",
                    "name": "role",
                    "type": "bytes32"
                }
            ],
            "name": "getRoleAdmin",
            "outputs": [
                {
                    "internalType": "bytes32",
                    "name": "",
                    "type": "bytes32"
                }
            ],
            "stateMutability": "view",
            "type": "function"
        },
        {
            "inputs": [
                {
                    "internalType": "bytes32",
                    "name": "role",
                    "type": "bytes32"
                },
                {
                    "internalType": "uint256",
                    "name": "index",
                    "type": "uint256"
                }
            ],
            "name": "getRoleMember",
            "outputs": [
                {
                    "internalType": "address",
                    "name": "",
                    "type": "address"
                }
            ],
            "stateMutability": "view",
            "type": "function"
        },
        {
            "inputs": [
                {
                    "internalType": "bytes32",
                    "name": "role",
                    "type": "bytes32"
                }
            ],
            "name": "getRoleMemberCount",
            "outputs": [
                {
                    "internalType": "uint256",
                    "name": "",
                    "type": "uint256"
                }
            ],
            "stateMutability": "view",
            "type": "function"
        },
        {
            "inputs": [
                {
                    "internalType": "bytes32",
                    "name": "role",
                    "type": "bytes32"
                },
                {
                    "internalType": "address",
                    "name": "account",
                    "type": "address"
                }
            ],
            "name": "grantRole",
            "outputs": [],
            "stateMutability": "nonpayable",
            "type": "function"
        },
        {
            "inputs": [
                {
                    "internalType": "bytes32",
                    "name": "role",
                    "type": "bytes32"
                },
                {
                    "internalType": "address",
                    "name": "account",
                    "type": "address"
                }
            ],
            "name": "hasRole",
            "outputs": [
                {
                    "internalType": "bool",
                    "name": "",
                    "type": "bool"
                }
            ],
            "stateMutability": "view",
            "type": "function"
        },
        {
            "inputs": [
                {
                    "internalType": "address",
                    "name": "spender",
                    "type": "address"
                },
                {
                    "internalType": "uint256",
                    "name": "addedValue",
                    "type": "uint256"
                }
            ],
            "name": "increaseAllowance",
            "outputs": [
                {
                    "internalType": "bool",
                    "name": "",
                    "type": "bool"
                }
            ],
            "stateMutability": "nonpayable",
            "type": "function"
        },
        {
            "inputs": [
                {
                    "internalType": "address",
                    "name": "to",
                    "type": "address"
                },
                {
                    "internalType": "uint256",
                    "name": "amount",
                    "type": "uint256"
                }
            ],
            "name": "mint",
            "outputs": [],
            "stateMutability": "nonpayable",
            "type": "function"
        },
        {
            "inputs": [],
            "name": "name",
            "outputs": [
                {
                    "internalType": "string",
                    "name": "",
                    "type": "string"
                }
            ],
            "stateMutability": "view",
            "type": "function"
        },
        {
            "inputs": [
                {
                    "internalType": "bytes32",
                    "name": "role",
                    "type": "bytes32"
                },
                {
                    "internalType": "address",
                    "name": "account",
                    "type": "address"
                }
            ],
            "name": "renounceRole",
            "outputs": [],
            "stateMutability": "nonpayable",
            "type": "function"
        },
        {
            "inputs": [
                {
                    "internalType": "bytes32",
                    "name": "role",
                    "type": "bytes32"
                },
                {
                    "internalType": "address",
                    "name": "account",
                    "type": "address"
                }
            ],
            "name": "revokeRole",
            "outputs": [],
            "stateMutability": "nonpayable",
            "type": "function"
        },
        {
            "inputs": [
                {
                    "internalType": "uint256",
                    "name": "_currentPointIndex",
                    "type": "uint256"
                }
            ],
            "name": "setCurrentPointIndex",
            "outputs": [],
            "stateMutability": "nonpayable",
            "type": "function"
        },
        {
            "inputs": [],
            "name": "symbol",
            "outputs": [
                {
                    "internalType": "string",
                    "name": "",
                    "type": "string"
                }
            ],
            "stateMutability": "view",
            "type": "function"
        },
        {
            "inputs": [],
            "name": "totalSupply",
            "outputs": [
                {
                    "internalType": "uint256",
                    "name": "",
                    "type": "uint256"
                }
            ],
            "stateMutability": "view",
            "type": "function"
        },
        {
            "inputs": [
                {
                    "internalType": "address",
                    "name": "recipient",
                    "type": "address"
                },
                {
                    "internalType": "uint256",
                    "name": "amount",
                    "type": "uint256"
                }
            ],
            "name": "transfer",
            "outputs": [
                {
                    "internalType": "bool",
                    "name": "",
                    "type": "bool"
                }
            ],
            "stateMutability": "nonpayable",
            "type": "function"
        },
        {
            "inputs": [
                {
                    "internalType": "address",
                    "name": "sender",
                    "type": "address"
                },
                {
                    "internalType": "address",
                    "name": "recipient",
                    "type": "address"
                },
                {
                    "internalType": "uint256",
                    "name": "amount",
                    "type": "uint256"
                }
            ],
            "name": "transferFrom",
            "outputs": [
                {
                    "internalType": "bool",
                    "name": "",
                    "type": "bool"
                }
            ],
            "stateMutability": "nonpayable",
            "type": "function"
        }
    ],
    "amm": [
        {
            "inputs": [
                {
                    "internalType": "address",
                    "name": "_deusToken",
                    "type": "address"
                }
            ],
            "stateMutability": "nonpayable",
            "type": "constructor"
        },
        {
            "anonymous": false,
            "inputs": [
                {
                    "indexed": true,
                    "internalType": "address",
                    "name": "previousOwner",
                    "type": "address"
                },
                {
                    "indexed": true,
                    "internalType": "address",
                    "name": "newOwner",
                    "type": "address"
                }
            ],
            "name": "OwnershipTransferred",
            "type": "event"
        },
        {
            "inputs": [
                {
                    "internalType": "uint256",
                    "name": "_tokenAmount",
                    "type": "uint256"
                }
            ],
            "name": "buy",
            "outputs": [],
            "stateMutability": "payable",
            "type": "function"
        },
        {
            "inputs": [
                {
                    "internalType": "uint256",
                    "name": "etherAmount",
                    "type": "uint256"
                }
            ],
            "name": "calculatePurchaseReturn",
            "outputs": [
                {
                    "internalType": "uint256",
                    "name": "",
                    "type": "uint256"
                }
            ],
            "stateMutability": "view",
            "type": "function"
        },
        {
            "inputs": [
                {
                    "internalType": "uint256",
                    "name": "tokenAmount",
                    "type": "uint256"
                }
            ],
            "name": "calculateSaleReturn",
            "outputs": [
                {
                    "internalType": "uint256",
                    "name": "",
                    "type": "uint256"
                }
            ],
            "stateMutability": "view",
            "type": "function"
        },
        {
            "inputs": [],
            "name": "cw",
            "outputs": [
                {
                    "internalType": "uint32",
                    "name": "",
                    "type": "uint32"
                }
            ],
            "stateMutability": "view",
            "type": "function"
        },
        {
            "inputs": [],
            "name": "daoShare",
            "outputs": [
                {
                    "internalType": "uint256",
                    "name": "",
                    "type": "uint256"
                }
            ],
            "stateMutability": "view",
            "type": "function"
        },
        {
            "inputs": [],
            "name": "daoShareScale",
            "outputs": [
                {
                    "internalType": "uint256",
                    "name": "",
                    "type": "uint256"
                }
            ],
            "stateMutability": "view",
            "type": "function"
        },
        {
            "inputs": [],
            "name": "daoTargetBalance",
            "outputs": [
                {
                    "internalType": "uint256",
                    "name": "",
                    "type": "uint256"
                }
            ],
            "stateMutability": "view",
            "type": "function"
        },
        {
            "inputs": [],
            "name": "daoWallet",
            "outputs": [
                {
                    "internalType": "address payable",
                    "name": "",
                    "type": "address"
                }
            ],
            "stateMutability": "view",
            "type": "function"
        },
        {
            "inputs": [],
            "name": "deusToken",
            "outputs": [
                {
                    "internalType": "contract DEUSToken",
                    "name": "",
                    "type": "address"
                }
            ],
            "stateMutability": "view",
            "type": "function"
        },
        {
            "inputs": [],
            "name": "firstReserve",
            "outputs": [
                {
                    "internalType": "uint256",
                    "name": "",
                    "type": "uint256"
                }
            ],
            "stateMutability": "view",
            "type": "function"
        },
        {
            "inputs": [],
            "name": "firstSupply",
            "outputs": [
                {
                    "internalType": "uint256",
                    "name": "",
                    "type": "uint256"
                }
            ],
            "stateMutability": "view",
            "type": "function"
        },
        {
            "inputs": [
                {
                    "internalType": "uint256",
                    "name": "_firstReserve",
                    "type": "uint256"
                },
                {
                    "internalType": "uint256",
                    "name": "_firstSupply",
                    "type": "uint256"
                }
            ],
            "name": "init",
            "outputs": [],
            "stateMutability": "nonpayable",
            "type": "function"
        },
        {
            "inputs": [],
            "name": "maxDaoShare",
            "outputs": [
                {
                    "internalType": "uint256",
                    "name": "",
                    "type": "uint256"
                }
            ],
            "stateMutability": "view",
            "type": "function"
        },
        {
            "inputs": [],
            "name": "owner",
            "outputs": [
                {
                    "internalType": "address",
                    "name": "",
                    "type": "address"
                }
            ],
            "stateMutability": "view",
            "type": "function"
        },
        {
            "inputs": [
                {
                    "internalType": "address",
                    "name": "dest",
                    "type": "address"
                }
            ],
            "name": "payments",
            "outputs": [
                {
                    "internalType": "uint256",
                    "name": "",
                    "type": "uint256"
                }
            ],
            "stateMutability": "view",
            "type": "function"
        },
        {
            "inputs": [],
            "name": "renounceOwnership",
            "outputs": [],
            "stateMutability": "nonpayable",
            "type": "function"
        },
        {
            "inputs": [],
            "name": "reserve",
            "outputs": [
                {
                    "internalType": "uint256",
                    "name": "",
                    "type": "uint256"
                }
            ],
            "stateMutability": "view",
            "type": "function"
        },
        {
            "inputs": [],
            "name": "reserveShiftAmount",
            "outputs": [
                {
                    "internalType": "uint256",
                    "name": "",
                    "type": "uint256"
                }
            ],
            "stateMutability": "view",
            "type": "function"
        },
        {
            "inputs": [],
            "name": "scale",
            "outputs": [
                {
                    "internalType": "uint32",
                    "name": "",
                    "type": "uint32"
                }
            ],
            "stateMutability": "view",
            "type": "function"
        },
        {
            "inputs": [
                {
                    "internalType": "uint256",
                    "name": "tokenAmount",
                    "type": "uint256"
                },
                {
                    "internalType": "uint256",
                    "name": "_etherAmount",
                    "type": "uint256"
                }
            ],
            "name": "sell",
            "outputs": [],
            "stateMutability": "nonpayable",
            "type": "function"
        },
        {
            "inputs": [
                {
                    "internalType": "uint256",
                    "name": "_maxDaoShare",
                    "type": "uint256"
                },
                {
                    "internalType": "uint256",
                    "name": "_daoTargetBalance",
                    "type": "uint256"
                }
            ],
            "name": "setDaoShare",
            "outputs": [],
            "stateMutability": "nonpayable",
            "type": "function"
        },
        {
            "inputs": [
                {
                    "internalType": "address payable",
                    "name": "_daoWallet",
                    "type": "address"
                }
            ],
            "name": "setDaoWallet",
            "outputs": [],
            "stateMutability": "nonpayable",
            "type": "function"
        },
        {
            "inputs": [
                {
                    "internalType": "address",
                    "name": "newOwner",
                    "type": "address"
                }
            ],
            "name": "transferOwnership",
            "outputs": [],
            "stateMutability": "nonpayable",
            "type": "function"
        },
        {
            "inputs": [],
            "name": "version",
            "outputs": [
                {
                    "internalType": "string",
                    "name": "",
                    "type": "string"
                }
            ],
            "stateMutability": "view",
            "type": "function"
        },
        {
            "inputs": [
                {
                    "internalType": "uint256",
                    "name": "amount",
                    "type": "uint256"
                }
            ],
            "name": "withdraw",
            "outputs": [],
            "stateMutability": "nonpayable",
            "type": "function"
        },
        {
            "inputs": [
                {
                    "internalType": "address payable",
                    "name": "payee",
                    "type": "address"
                }
            ],
            "name": "withdrawPayments",
            "outputs": [],
            "stateMutability": "nonpayable",
            "type": "function"
        },
        {
            "stateMutability": "payable",
            "type": "receive"
        }
    ],
    "stocks_contract": [
        {
            "inputs": [
                {
                    "internalType": "address",
                    "name": "_validator",
                    "type": "address"
                }
            ],
            "stateMutability": "nonpayable",
            "type": "constructor"
        },
        {
            "anonymous": false,
            "inputs": [
                {
                    "indexed": true,
                    "internalType": "address",
                    "name": "previousOwner",
                    "type": "address"
                },
                {
                    "indexed": true,
                    "internalType": "address",
                    "name": "newOwner",
                    "type": "address"
                }
            ],
            "name": "OwnershipTransferred",
            "type": "event"
        },
        {
            "inputs": [
                {
                    "internalType": "address",
                    "name": "stock",
                    "type": "address"
                },
                {
                    "internalType": "uint256",
                    "name": "amount",
                    "type": "uint256"
                },
                {
                    "internalType": "uint256",
                    "name": "blockNo",
                    "type": "uint256"
                },
                {
                    "internalType": "uint8",
                    "name": "v",
                    "type": "uint8"
                },
                {
                    "internalType": "bytes32",
                    "name": "r",
                    "type": "bytes32"
                },
                {
                    "internalType": "bytes32",
                    "name": "s",
                    "type": "bytes32"
                },
                {
                    "internalType": "uint256",
                    "name": "price",
                    "type": "uint256"
                },
                {
                    "internalType": "uint256",
                    "name": "fee",
                    "type": "uint256"
                }
            ],
            "name": "buyStock",
            "outputs": [],
            "stateMutability": "nonpayable",
            "type": "function"
        },
        {
            "inputs": [],
            "name": "changeStopValue",
            "outputs": [],
            "stateMutability": "nonpayable",
            "type": "function"
        },
        {
            "inputs": [],
            "name": "daiToken",
            "outputs": [
                {
                    "internalType": "address",
                    "name": "",
                    "type": "address"
                }
            ],
            "stateMutability": "view",
            "type": "function"
        },
        {
            "inputs": [],
            "name": "owner",
            "outputs": [
                {
                    "internalType": "address",
                    "name": "",
                    "type": "address"
                }
            ],
            "stateMutability": "view",
            "type": "function"
        },
        {
            "inputs": [],
            "name": "renounceOwnership",
            "outputs": [],
            "stateMutability": "nonpayable",
            "type": "function"
        },
        {
            "inputs": [
                {
                    "internalType": "address",
                    "name": "stock",
                    "type": "address"
                },
                {
                    "internalType": "uint256",
                    "name": "amount",
                    "type": "uint256"
                },
                {
                    "internalType": "uint256",
                    "name": "blockNo",
                    "type": "uint256"
                },
                {
                    "internalType": "uint8",
                    "name": "v",
                    "type": "uint8"
                },
                {
                    "internalType": "bytes32",
                    "name": "r",
                    "type": "bytes32"
                },
                {
                    "internalType": "bytes32",
                    "name": "s",
                    "type": "bytes32"
                },
                {
                    "internalType": "uint256",
                    "name": "price",
                    "type": "uint256"
                },
                {
                    "internalType": "uint256",
                    "name": "fee",
                    "type": "uint256"
                }
            ],
            "name": "sellStock",
            "outputs": [],
            "stateMutability": "nonpayable",
            "type": "function"
        },
        {
            "inputs": [
                {
                    "internalType": "address",
                    "name": "_validator",
                    "type": "address"
                }
            ],
            "name": "setValidatorAddress",
            "outputs": [],
            "stateMutability": "nonpayable",
            "type": "function"
        },
        {
            "inputs": [],
            "name": "stop",
            "outputs": [
                {
                    "internalType": "bool",
                    "name": "",
                    "type": "bool"
                }
            ],
            "stateMutability": "view",
            "type": "function"
        },
        {
            "inputs": [
                {
                    "internalType": "address",
                    "name": "newOwner",
                    "type": "address"
                }
            ],
            "name": "transferOwnership",
            "outputs": [],
            "stateMutability": "nonpayable",
            "type": "function"
        },
        {
            "inputs": [],
            "name": "validator",
            "outputs": [
                {
                    "internalType": "address",
                    "name": "",
                    "type": "address"
                }
            ],
            "stateMutability": "view",
            "type": "function"
        }
    ],
    "deus_swap_contract": [
        {
            "inputs": [],
            "stateMutability": "nonpayable",
            "type": "constructor"
        },
        {
            "anonymous": false,
            "inputs": [
                {
                    "indexed": false,
                    "internalType": "address",
                    "name": "fromToken",
                    "type": "address"
                },
                {
                    "indexed": false,
                    "internalType": "address",
                    "name": "toToken",
                    "type": "address"
                },
                {
                    "indexed": false,
                    "internalType": "uint256",
                    "name": "amountIn",
                    "type": "uint256"
                },
                {
                    "indexed": false,
                    "internalType": "uint256",
                    "name": "amountOut",
                    "type": "uint256"
                }
            ],
            "name": "swap",
            "type": "event"
        },
        {
            "inputs": [],
            "name": "AMM",
            "outputs": [
                {
                    "internalType": "contract AutomaticMarketMaker",
                    "name": "",
                    "type": "address"
                }
            ],
            "stateMutability": "view",
            "type": "function"
        },
        {
            "inputs": [],
            "name": "approve",
            "outputs": [],
            "stateMutability": "nonpayable",
            "type": "function"
        },
        {
            "inputs": [
                {
                    "internalType": "address",
                    "name": "token",
                    "type": "address"
                }
            ],
            "name": "approveToken",
            "outputs": [],
            "stateMutability": "nonpayable",
            "type": "function"
        },
        {
            "inputs": [
                {
                    "internalType": "address",
                    "name": "dest",
                    "type": "address"
                }
            ],
            "name": "payments",
            "outputs": [
                {
                    "internalType": "uint256",
                    "name": "",
                    "type": "uint256"
                }
            ],
            "stateMutability": "view",
            "type": "function"
        },
        {
            "inputs": [
                {
                    "internalType": "address[]",
                    "name": "path",
                    "type": "address[]"
                },
                {
                    "internalType": "uint256",
                    "name": "swapType",
                    "type": "uint256"
                }
            ],
            "name": "swapEthForTokens",
            "outputs": [],
            "stateMutability": "payable",
            "type": "function"
        },
        {
            "inputs": [
                {
                    "internalType": "uint256",
                    "name": "amountIn",
                    "type": "uint256"
                },
                {
                    "internalType": "uint256",
                    "name": "swapType",
                    "type": "uint256"
                },
                {
                    "internalType": "address[]",
                    "name": "path",
                    "type": "address[]"
                }
            ],
            "name": "swapTokensForEth",
            "outputs": [],
            "stateMutability": "nonpayable",
            "type": "function"
        },
        {
            "inputs": [
                {
                    "internalType": "uint256",
                    "name": "amountIn",
                    "type": "uint256"
                },
                {
                    "internalType": "uint256",
                    "name": "swapType",
                    "type": "uint256"
                },
                {
                    "internalType": "address[]",
                    "name": "path1",
                    "type": "address[]"
                },
                {
                    "internalType": "address[]",
                    "name": "path2",
                    "type": "address[]"
                }
            ],
            "name": "swapTokensForTokens",
            "outputs": [],
            "stateMutability": "nonpayable",
            "type": "function"
        },
        {
            "inputs": [],
            "name": "uniswapRouter",
            "outputs": [
                {
                    "internalType": "contract IUniswapV2Router02",
                    "name": "",
                    "type": "address"
                }
            ],
            "stateMutability": "view",
            "type": "function"
        },
        {
            "inputs": [
                {
                    "internalType": "address payable",
                    "name": "payee",
                    "type": "address"
                }
            ],
            "name": "withdrawPayments",
            "outputs": [],
            "stateMutability": "nonpayable",
            "type": "function"
        },
        {
            "stateMutability": "payable",
            "type": "receive"
        }
    ],
    "uniswap_router": [
        {
            "inputs": [
                {
                    "internalType": "address",
                    "name": "_factory",
                    "type": "address"
                },
                {
                    "internalType": "address",
                    "name": "_WETH",
                    "type": "address"
                }
            ],
            "stateMutability": "nonpayable",
            "type": "constructor"
        },
        {
            "inputs": [],
            "name": "WETH",
            "outputs": [
                {
                    "internalType": "address",
                    "name": "",
                    "type": "address"
                }
            ],
            "stateMutability": "view",
            "type": "function"
        },
        {
            "inputs": [
                {
                    "internalType": "address",
                    "name": "tokenA",
                    "type": "address"
                },
                {
                    "internalType": "address",
                    "name": "tokenB",
                    "type": "address"
                },
                {
                    "internalType": "uint256",
                    "name": "amountADesired",
                    "type": "uint256"
                },
                {
                    "internalType": "uint256",
                    "name": "amountBDesired",
                    "type": "uint256"
                },
                {
                    "internalType": "uint256",
                    "name": "amountAMin",
                    "type": "uint256"
                },
                {
                    "internalType": "uint256",
                    "name": "amountBMin",
                    "type": "uint256"
                },
                {
                    "internalType": "address",
                    "name": "to",
                    "type": "address"
                },
                {
                    "internalType": "uint256",
                    "name": "deadline",
                    "type": "uint256"
                }
            ],
            "name": "addLiquidity",
            "outputs": [
                {
                    "internalType": "uint256",
                    "name": "amountA",
                    "type": "uint256"
                },
                {
                    "internalType": "uint256",
                    "name": "amountB",
                    "type": "uint256"
                },
                {
                    "internalType": "uint256",
                    "name": "liquidity",
                    "type": "uint256"
                }
            ],
            "stateMutability": "nonpayable",
            "type": "function"
        },
        {
            "inputs": [
                {
                    "internalType": "address",
                    "name": "token",
                    "type": "address"
                },
                {
                    "internalType": "uint256",
                    "name": "amountTokenDesired",
                    "type": "uint256"
                },
                {
                    "internalType": "uint256",
                    "name": "amountTokenMin",
                    "type": "uint256"
                },
                {
                    "internalType": "uint256",
                    "name": "amountETHMin",
                    "type": "uint256"
                },
                {
                    "internalType": "address",
                    "name": "to",
                    "type": "address"
                },
                {
                    "internalType": "uint256",
                    "name": "deadline",
                    "type": "uint256"
                }
            ],
            "name": "addLiquidityETH",
            "outputs": [
                {
                    "internalType": "uint256",
                    "name": "amountToken",
                    "type": "uint256"
                },
                {
                    "internalType": "uint256",
                    "name": "amountETH",
                    "type": "uint256"
                },
                {
                    "internalType": "uint256",
                    "name": "liquidity",
                    "type": "uint256"
                }
            ],
            "stateMutability": "payable",
            "type": "function"
        },
        {
            "inputs": [],
            "name": "factory",
            "outputs": [
                {
                    "internalType": "address",
                    "name": "",
                    "type": "address"
                }
            ],
            "stateMutability": "view",
            "type": "function"
        },
        {
            "inputs": [
                {
                    "internalType": "uint256",
                    "name": "amountOut",
                    "type": "uint256"
                },
                {
                    "internalType": "uint256",
                    "name": "reserveIn",
                    "type": "uint256"
                },
                {
                    "internalType": "uint256",
                    "name": "reserveOut",
                    "type": "uint256"
                }
            ],
            "name": "getAmountIn",
            "outputs": [
                {
                    "internalType": "uint256",
                    "name": "amountIn",
                    "type": "uint256"
                }
            ],
            "stateMutability": "pure",
            "type": "function"
        },
        {
            "inputs": [
                {
                    "internalType": "uint256",
                    "name": "amountIn",
                    "type": "uint256"
                },
                {
                    "internalType": "uint256",
                    "name": "reserveIn",
                    "type": "uint256"
                },
                {
                    "internalType": "uint256",
                    "name": "reserveOut",
                    "type": "uint256"
                }
            ],
            "name": "getAmountOut",
            "outputs": [
                {
                    "internalType": "uint256",
                    "name": "amountOut",
                    "type": "uint256"
                }
            ],
            "stateMutability": "pure",
            "type": "function"
        },
        {
            "inputs": [
                {
                    "internalType": "uint256",
                    "name": "amountOut",
                    "type": "uint256"
                },
                {
                    "internalType": "address[]",
                    "name": "path",
                    "type": "address[]"
                }
            ],
            "name": "getAmountsIn",
            "outputs": [
                {
                    "internalType": "uint256[]",
                    "name": "amounts",
                    "type": "uint256[]"
                }
            ],
            "stateMutability": "view",
            "type": "function"
        },
        {
            "inputs": [
                {
                    "internalType": "uint256",
                    "name": "amountIn",
                    "type": "uint256"
                },
                {
                    "internalType": "address[]",
                    "name": "path",
                    "type": "address[]"
                }
            ],
            "name": "getAmountsOut",
            "outputs": [
                {
                    "internalType": "uint256[]",
                    "name": "amounts",
                    "type": "uint256[]"
                }
            ],
            "stateMutability": "view",
            "type": "function"
        },
        {
            "inputs": [
                {
                    "internalType": "uint256",
                    "name": "amountA",
                    "type": "uint256"
                },
                {
                    "internalType": "uint256",
                    "name": "reserveA",
                    "type": "uint256"
                },
                {
                    "internalType": "uint256",
                    "name": "reserveB",
                    "type": "uint256"
                }
            ],
            "name": "quote",
            "outputs": [
                {
                    "internalType": "uint256",
                    "name": "amountB",
                    "type": "uint256"
                }
            ],
            "stateMutability": "pure",
            "type": "function"
        },
        {
            "inputs": [
                {
                    "internalType": "address",
                    "name": "tokenA",
                    "type": "address"
                },
                {
                    "internalType": "address",
                    "name": "tokenB",
                    "type": "address"
                },
                {
                    "internalType": "uint256",
                    "name": "liquidity",
                    "type": "uint256"
                },
                {
                    "internalType": "uint256",
                    "name": "amountAMin",
                    "type": "uint256"
                },
                {
                    "internalType": "uint256",
                    "name": "amountBMin",
                    "type": "uint256"
                },
                {
                    "internalType": "address",
                    "name": "to",
                    "type": "address"
                },
                {
                    "internalType": "uint256",
                    "name": "deadline",
                    "type": "uint256"
                }
            ],
            "name": "removeLiquidity",
            "outputs": [
                {
                    "internalType": "uint256",
                    "name": "amountA",
                    "type": "uint256"
                },
                {
                    "internalType": "uint256",
                    "name": "amountB",
                    "type": "uint256"
                }
            ],
            "stateMutability": "nonpayable",
            "type": "function"
        },
        {
            "inputs": [
                {
                    "internalType": "address",
                    "name": "token",
                    "type": "address"
                },
                {
                    "internalType": "uint256",
                    "name": "liquidity",
                    "type": "uint256"
                },
                {
                    "internalType": "uint256",
                    "name": "amountTokenMin",
                    "type": "uint256"
                },
                {
                    "internalType": "uint256",
                    "name": "amountETHMin",
                    "type": "uint256"
                },
                {
                    "internalType": "address",
                    "name": "to",
                    "type": "address"
                },
                {
                    "internalType": "uint256",
                    "name": "deadline",
                    "type": "uint256"
                }
            ],
            "name": "removeLiquidityETH",
            "outputs": [
                {
                    "internalType": "uint256",
                    "name": "amountToken",
                    "type": "uint256"
                },
                {
                    "internalType": "uint256",
                    "name": "amountETH",
                    "type": "uint256"
                }
            ],
            "stateMutability": "nonpayable",
            "type": "function"
        },
        {
            "inputs": [
                {
                    "internalType": "address",
                    "name": "token",
                    "type": "address"
                },
                {
                    "internalType": "uint256",
                    "name": "liquidity",
                    "type": "uint256"
                },
                {
                    "internalType": "uint256",
                    "name": "amountTokenMin",
                    "type": "uint256"
                },
                {
                    "internalType": "uint256",
                    "name": "amountETHMin",
                    "type": "uint256"
                },
                {
                    "internalType": "address",
                    "name": "to",
                    "type": "address"
                },
                {
                    "internalType": "uint256",
                    "name": "deadline",
                    "type": "uint256"
                }
            ],
            "name": "removeLiquidityETHSupportingFeeOnTransferTokens",
            "outputs": [
                {
                    "internalType": "uint256",
                    "name": "amountETH",
                    "type": "uint256"
                }
            ],
            "stateMutability": "nonpayable",
            "type": "function"
        },
        {
            "inputs": [
                {
                    "internalType": "address",
                    "name": "token",
                    "type": "address"
                },
                {
                    "internalType": "uint256",
                    "name": "liquidity",
                    "type": "uint256"
                },
                {
                    "internalType": "uint256",
                    "name": "amountTokenMin",
                    "type": "uint256"
                },
                {
                    "internalType": "uint256",
                    "name": "amountETHMin",
                    "type": "uint256"
                },
                {
                    "internalType": "address",
                    "name": "to",
                    "type": "address"
                },
                {
                    "internalType": "uint256",
                    "name": "deadline",
                    "type": "uint256"
                },
                {
                    "internalType": "bool",
                    "name": "approveMax",
                    "type": "bool"
                },
                {
                    "internalType": "uint8",
                    "name": "v",
                    "type": "uint8"
                },
                {
                    "internalType": "bytes32",
                    "name": "r",
                    "type": "bytes32"
                },
                {
                    "internalType": "bytes32",
                    "name": "s",
                    "type": "bytes32"
                }
            ],
            "name": "removeLiquidityETHWithPermit",
            "outputs": [
                {
                    "internalType": "uint256",
                    "name": "amountToken",
                    "type": "uint256"
                },
                {
                    "internalType": "uint256",
                    "name": "amountETH",
                    "type": "uint256"
                }
            ],
            "stateMutability": "nonpayable",
            "type": "function"
        },
        {
            "inputs": [
                {
                    "internalType": "address",
                    "name": "token",
                    "type": "address"
                },
                {
                    "internalType": "uint256",
                    "name": "liquidity",
                    "type": "uint256"
                },
                {
                    "internalType": "uint256",
                    "name": "amountTokenMin",
                    "type": "uint256"
                },
                {
                    "internalType": "uint256",
                    "name": "amountETHMin",
                    "type": "uint256"
                },
                {
                    "internalType": "address",
                    "name": "to",
                    "type": "address"
                },
                {
                    "internalType": "uint256",
                    "name": "deadline",
                    "type": "uint256"
                },
                {
                    "internalType": "bool",
                    "name": "approveMax",
                    "type": "bool"
                },
                {
                    "internalType": "uint8",
                    "name": "v",
                    "type": "uint8"
                },
                {
                    "internalType": "bytes32",
                    "name": "r",
                    "type": "bytes32"
                },
                {
                    "internalType": "bytes32",
                    "name": "s",
                    "type": "bytes32"
                }
            ],
            "name": "removeLiquidityETHWithPermitSupportingFeeOnTransferTokens",
            "outputs": [
                {
                    "internalType": "uint256",
                    "name": "amountETH",
                    "type": "uint256"
                }
            ],
            "stateMutability": "nonpayable",
            "type": "function"
        },
        {
            "inputs": [
                {
                    "internalType": "address",
                    "name": "tokenA",
                    "type": "address"
                },
                {
                    "internalType": "address",
                    "name": "tokenB",
                    "type": "address"
                },
                {
                    "internalType": "uint256",
                    "name": "liquidity",
                    "type": "uint256"
                },
                {
                    "internalType": "uint256",
                    "name": "amountAMin",
                    "type": "uint256"
                },
                {
                    "internalType": "uint256",
                    "name": "amountBMin",
                    "type": "uint256"
                },
                {
                    "internalType": "address",
                    "name": "to",
                    "type": "address"
                },
                {
                    "internalType": "uint256",
                    "name": "deadline",
                    "type": "uint256"
                },
                {
                    "internalType": "bool",
                    "name": "approveMax",
                    "type": "bool"
                },
                {
                    "internalType": "uint8",
                    "name": "v",
                    "type": "uint8"
                },
                {
                    "internalType": "bytes32",
                    "name": "r",
                    "type": "bytes32"
                },
                {
                    "internalType": "bytes32",
                    "name": "s",
                    "type": "bytes32"
                }
            ],
            "name": "removeLiquidityWithPermit",
            "outputs": [
                {
                    "internalType": "uint256",
                    "name": "amountA",
                    "type": "uint256"
                },
                {
                    "internalType": "uint256",
                    "name": "amountB",
                    "type": "uint256"
                }
            ],
            "stateMutability": "nonpayable",
            "type": "function"
        },
        {
            "inputs": [
                {
                    "internalType": "uint256",
                    "name": "amountOut",
                    "type": "uint256"
                },
                {
                    "internalType": "address[]",
                    "name": "path",
                    "type": "address[]"
                },
                {
                    "internalType": "address",
                    "name": "to",
                    "type": "address"
                },
                {
                    "internalType": "uint256",
                    "name": "deadline",
                    "type": "uint256"
                }
            ],
            "name": "swapETHForExactTokens",
            "outputs": [
                {
                    "internalType": "uint256[]",
                    "name": "amounts",
                    "type": "uint256[]"
                }
            ],
            "stateMutability": "payable",
            "type": "function"
        },
        {
            "inputs": [
                {
                    "internalType": "uint256",
                    "name": "amountOutMin",
                    "type": "uint256"
                },
                {
                    "internalType": "address[]",
                    "name": "path",
                    "type": "address[]"
                },
                {
                    "internalType": "address",
                    "name": "to",
                    "type": "address"
                },
                {
                    "internalType": "uint256",
                    "name": "deadline",
                    "type": "uint256"
                }
            ],
            "name": "swapExactETHForTokens",
            "outputs": [
                {
                    "internalType": "uint256[]",
                    "name": "amounts",
                    "type": "uint256[]"
                }
            ],
            "stateMutability": "payable",
            "type": "function"
        },
        {
            "inputs": [
                {
                    "internalType": "uint256",
                    "name": "amountOutMin",
                    "type": "uint256"
                },
                {
                    "internalType": "address[]",
                    "name": "path",
                    "type": "address[]"
                },
                {
                    "internalType": "address",
                    "name": "to",
                    "type": "address"
                },
                {
                    "internalType": "uint256",
                    "name": "deadline",
                    "type": "uint256"
                }
            ],
            "name": "swapExactETHForTokensSupportingFeeOnTransferTokens",
            "outputs": [],
            "stateMutability": "payable",
            "type": "function"
        },
        {
            "inputs": [
                {
                    "internalType": "uint256",
                    "name": "amountIn",
                    "type": "uint256"
                },
                {
                    "internalType": "uint256",
                    "name": "amountOutMin",
                    "type": "uint256"
                },
                {
                    "internalType": "address[]",
                    "name": "path",
                    "type": "address[]"
                },
                {
                    "internalType": "address",
                    "name": "to",
                    "type": "address"
                },
                {
                    "internalType": "uint256",
                    "name": "deadline",
                    "type": "uint256"
                }
            ],
            "name": "swapExactTokensForETH",
            "outputs": [
                {
                    "internalType": "uint256[]",
                    "name": "amounts",
                    "type": "uint256[]"
                }
            ],
            "stateMutability": "nonpayable",
            "type": "function"
        },
        {
            "inputs": [
                {
                    "internalType": "uint256",
                    "name": "amountIn",
                    "type": "uint256"
                },
                {
                    "internalType": "uint256",
                    "name": "amountOutMin",
                    "type": "uint256"
                },
                {
                    "internalType": "address[]",
                    "name": "path",
                    "type": "address[]"
                },
                {
                    "internalType": "address",
                    "name": "to",
                    "type": "address"
                },
                {
                    "internalType": "uint256",
                    "name": "deadline",
                    "type": "uint256"
                }
            ],
            "name": "swapExactTokensForETHSupportingFeeOnTransferTokens",
            "outputs": [],
            "stateMutability": "nonpayable",
            "type": "function"
        },
        {
            "inputs": [
                {
                    "internalType": "uint256",
                    "name": "amountIn",
                    "type": "uint256"
                },
                {
                    "internalType": "uint256",
                    "name": "amountOutMin",
                    "type": "uint256"
                },
                {
                    "internalType": "address[]",
                    "name": "path",
                    "type": "address[]"
                },
                {
                    "internalType": "address",
                    "name": "to",
                    "type": "address"
                },
                {
                    "internalType": "uint256",
                    "name": "deadline",
                    "type": "uint256"
                }
            ],
            "name": "swapExactTokensForTokens",
            "outputs": [
                {
                    "internalType": "uint256[]",
                    "name": "amounts",
                    "type": "uint256[]"
                }
            ],
            "stateMutability": "nonpayable",
            "type": "function"
        },
        {
            "inputs": [
                {
                    "internalType": "uint256",
                    "name": "amountIn",
                    "type": "uint256"
                },
                {
                    "internalType": "uint256",
                    "name": "amountOutMin",
                    "type": "uint256"
                },
                {
                    "internalType": "address[]",
                    "name": "path",
                    "type": "address[]"
                },
                {
                    "internalType": "address",
                    "name": "to",
                    "type": "address"
                },
                {
                    "internalType": "uint256",
                    "name": "deadline",
                    "type": "uint256"
                }
            ],
            "name": "swapExactTokensForTokensSupportingFeeOnTransferTokens",
            "outputs": [],
            "stateMutability": "nonpayable",
            "type": "function"
        },
        {
            "inputs": [
                {
                    "internalType": "uint256",
                    "name": "amountOut",
                    "type": "uint256"
                },
                {
                    "internalType": "uint256",
                    "name": "amountInMax",
                    "type": "uint256"
                },
                {
                    "internalType": "address[]",
                    "name": "path",
                    "type": "address[]"
                },
                {
                    "internalType": "address",
                    "name": "to",
                    "type": "address"
                },
                {
                    "internalType": "uint256",
                    "name": "deadline",
                    "type": "uint256"
                }
            ],
            "name": "swapTokensForExactETH",
            "outputs": [
                {
                    "internalType": "uint256[]",
                    "name": "amounts",
                    "type": "uint256[]"
                }
            ],
            "stateMutability": "nonpayable",
            "type": "function"
        },
        {
            "inputs": [
                {
                    "internalType": "uint256",
                    "name": "amountOut",
                    "type": "uint256"
                },
                {
                    "internalType": "uint256",
                    "name": "amountInMax",
                    "type": "uint256"
                },
                {
                    "internalType": "address[]",
                    "name": "path",
                    "type": "address[]"
                },
                {
                    "internalType": "address",
                    "name": "to",
                    "type": "address"
                },
                {
                    "internalType": "uint256",
                    "name": "deadline",
                    "type": "uint256"
                }
            ],
            "name": "swapTokensForExactTokens",
            "outputs": [
                {
                    "internalType": "uint256[]",
                    "name": "amounts",
                    "type": "uint256[]"
                }
            ],
            "stateMutability": "nonpayable",
            "type": "function"
        },
        {
            "stateMutability": "payable",
            "type": "receive"
        }
    ],
    "vaults": [
        {
            "inputs": [
                {
                    "internalType": "address",
                    "name": "_lockedToken",
                    "type": "address"
                },
                {
                    "internalType": "string",
                    "name": "name",
                    "type": "string"
                },
                {
                    "internalType": "string",
                    "name": "symbol",
                    "type": "string"
                },
                {
                    "internalType": "address",
                    "name": "_feeCalculator",
                    "type": "address"
                },
                {
                    "internalType": "address",
                    "name": "_feeCollector",
                    "type": "address"
                },
                {
                    "internalType": "address",
                    "name": "_timeToken",
                    "type": "address"
                },
                {
                    "internalType": "address",
                    "name": "_sandController",
                    "type": "address"
                },
                {
                    "internalType": "address",
                    "name": "_timeController",
                    "type": "address"
                }
            ],
            "stateMutability": "nonpayable",
            "type": "constructor"
        },
        {
            "anonymous": false,
            "inputs": [
                {
                    "indexed": false,
                    "internalType": "address",
                    "name": "user",
                    "type": "address"
                },
                {
                    "indexed": false,
                    "internalType": "uint256",
                    "name": "lockedAmount",
                    "type": "uint256"
                },
                {
                    "indexed": false,
                    "internalType": "uint256",
                    "name": "sandAmount",
                    "type": "uint256"
                },
                {
                    "indexed": false,
                    "internalType": "uint256",
                    "name": "timeAmount",
                    "type": "uint256"
                }
            ],
            "name": "Locked",
            "type": "event"
        },
        {
            "anonymous": false,
            "inputs": [
                {
                    "indexed": true,
                    "internalType": "address",
                    "name": "previousOwner",
                    "type": "address"
                },
                {
                    "indexed": true,
                    "internalType": "address",
                    "name": "newOwner",
                    "type": "address"
                }
            ],
            "name": "OwnershipTransferred",
            "type": "event"
        },
        {
            "anonymous": false,
            "inputs": [
                {
                    "indexed": false,
                    "internalType": "address",
                    "name": "user",
                    "type": "address"
                },
                {
                    "indexed": false,
                    "internalType": "uint256",
                    "name": "sandAmount",
                    "type": "uint256"
                },
                {
                    "indexed": false,
                    "internalType": "uint256",
                    "name": "lockedAmount",
                    "type": "uint256"
                }
            ],
            "name": "Withdraw",
            "type": "event"
        },
        {
            "inputs": [],
            "name": "endLockBlock",
            "outputs": [
                {
                    "internalType": "uint256",
                    "name": "",
                    "type": "uint256"
                }
            ],
            "stateMutability": "view",
            "type": "function"
        },
        {
            "inputs": [
                {
                    "internalType": "uint256",
                    "name": "amount",
                    "type": "uint256"
                },
                {
                    "internalType": "address",
                    "name": "user",
                    "type": "address"
                }
            ],
            "name": "getWithdrawAmount",
            "outputs": [
                {
                    "internalType": "uint256",
                    "name": "",
                    "type": "uint256"
                }
            ],
            "stateMutability": "view",
            "type": "function"
        },
        {
            "inputs": [
                {
                    "internalType": "uint256",
                    "name": "amount",
                    "type": "uint256"
                }
            ],
            "name": "lock",
            "outputs": [],
            "stateMutability": "nonpayable",
            "type": "function"
        },
        {
            "inputs": [
                {
                    "internalType": "uint256",
                    "name": "amount",
                    "type": "uint256"
                },
                {
                    "internalType": "address",
                    "name": "_user",
                    "type": "address"
                }
            ],
            "name": "lockFor",
            "outputs": [],
            "stateMutability": "nonpayable",
            "type": "function"
        },
        {
            "inputs": [],
            "name": "lockedToken",
            "outputs": [
                {
                    "internalType": "contract TokenSubInterface",
                    "name": "",
                    "type": "address"
                }
            ],
            "stateMutability": "view",
            "type": "function"
        },
        {
            "inputs": [],
            "name": "owner",
            "outputs": [
                {
                    "internalType": "address",
                    "name": "",
                    "type": "address"
                }
            ],
            "stateMutability": "view",
            "type": "function"
        },
        {
            "inputs": [],
            "name": "renounceOwnership",
            "outputs": [],
            "stateMutability": "nonpayable",
            "type": "function"
        },
        {
            "inputs": [
                {
                    "internalType": "uint256",
                    "name": "amount",
                    "type": "uint256"
                },
                {
                    "internalType": "address",
                    "name": "_user",
                    "type": "address"
                }
            ],
            "name": "sandAndTimeAmount",
            "outputs": [
                {
                    "internalType": "uint256",
                    "name": "",
                    "type": "uint256"
                },
                {
                    "internalType": "uint256",
                    "name": "",
                    "type": "uint256"
                }
            ],
            "stateMutability": "view",
            "type": "function"
        },
        {
            "inputs": [],
            "name": "sandController",
            "outputs": [
                {
                    "internalType": "contract SandController",
                    "name": "",
                    "type": "address"
                }
            ],
            "stateMutability": "view",
            "type": "function"
        },
        {
            "inputs": [],
            "name": "sandToken",
            "outputs": [
                {
                    "internalType": "contract SandToken",
                    "name": "",
                    "type": "address"
                }
            ],
            "stateMutability": "view",
            "type": "function"
        },
        {
            "inputs": [
                {
                    "internalType": "uint256",
                    "name": "_startBlock",
                    "type": "uint256"
                },
                {
                    "internalType": "uint256",
                    "name": "_endLockBlock",
                    "type": "uint256"
                }
            ],
            "name": "setBlocks",
            "outputs": [],
            "stateMutability": "nonpayable",
            "type": "function"
        },
        {
            "inputs": [
                {
                    "internalType": "address",
                    "name": "_sandController",
                    "type": "address"
                }
            ],
            "name": "setSandController",
            "outputs": [],
            "stateMutability": "nonpayable",
            "type": "function"
        },
        {
            "inputs": [
                {
                    "internalType": "address",
                    "name": "_timeController",
                    "type": "address"
                }
            ],
            "name": "setTimeController",
            "outputs": [],
            "stateMutability": "nonpayable",
            "type": "function"
        },
        {
            "inputs": [],
            "name": "startBlock",
            "outputs": [
                {
                    "internalType": "uint256",
                    "name": "",
                    "type": "uint256"
                }
            ],
            "stateMutability": "view",
            "type": "function"
        },
        {
            "inputs": [],
            "name": "timeController",
            "outputs": [
                {
                    "internalType": "contract TimeController",
                    "name": "",
                    "type": "address"
                }
            ],
            "stateMutability": "view",
            "type": "function"
        },
        {
            "inputs": [],
            "name": "timeToken",
            "outputs": [
                {
                    "internalType": "contract TokenSubInterface",
                    "name": "",
                    "type": "address"
                }
            ],
            "stateMutability": "view",
            "type": "function"
        },
        {
            "inputs": [
                {
                    "internalType": "address",
                    "name": "newOwner",
                    "type": "address"
                }
            ],
            "name": "transferOwnership",
            "outputs": [],
            "stateMutability": "nonpayable",
            "type": "function"
        },
        {
            "inputs": [
                {
                    "internalType": "address",
                    "name": "",
                    "type": "address"
                }
            ],
            "name": "users",
            "outputs": [
                {
                    "internalType": "uint256",
                    "name": "lockedAmount",
                    "type": "uint256"
                },
                {
                    "internalType": "uint256",
                    "name": "paidReward",
                    "type": "uint256"
                }
            ],
            "stateMutability": "view",
            "type": "function"
        },
        {
            "inputs": [
                {
                    "internalType": "uint256",
                    "name": "amount",
                    "type": "uint256"
                }
            ],
            "name": "withdraw",
            "outputs": [],
            "stateMutability": "nonpayable",
            "type": "function"
        },
        {
            "inputs": [
                {
                    "internalType": "address",
                    "name": "to",
                    "type": "address"
                }
            ],
            "name": "withdrawAllLockedTokens",
            "outputs": [],
            "stateMutability": "nonpayable",
            "type": "function"
        },
        {
            "inputs": [
                {
                    "internalType": "address",
                    "name": "to",
                    "type": "address"
                },
                {
                    "internalType": "uint256",
                    "name": "amount",
                    "type": "uint256"
                }
            ],
            "name": "withdrawLockedTokens",
            "outputs": [],
            "stateMutability": "nonpayable",
            "type": "function"
        }
    ],
    "staking": [
        {
            "anonymous": false,
            "inputs": [
                {
                    "indexed": false,
                    "internalType": "address",
                    "name": "user",
                    "type": "address"
                },
                {
                    "indexed": false,
                    "internalType": "uint256",
                    "name": "amount",
                    "type": "uint256"
                }
            ],
            "name": "Deposit",
            "type": "event"
        },
        {
            "anonymous": false,
            "inputs": [
                {
                    "indexed": false,
                    "internalType": "address",
                    "name": "user",
                    "type": "address"
                },
                {
                    "indexed": false,
                    "internalType": "uint256",
                    "name": "amount",
                    "type": "uint256"
                }
            ],
            "name": "EmergencyWithdraw",
            "type": "event"
        },
        {
            "anonymous": false,
            "inputs": [
                {
                    "indexed": true,
                    "internalType": "address",
                    "name": "previousOwner",
                    "type": "address"
                },
                {
                    "indexed": true,
                    "internalType": "address",
                    "name": "newOwner",
                    "type": "address"
                }
            ],
            "name": "OwnershipTransferred",
            "type": "event"
        },
        {
            "anonymous": false,
            "inputs": [
                {
                    "indexed": false,
                    "internalType": "address",
                    "name": "user",
                    "type": "address"
                },
                {
                    "indexed": false,
                    "internalType": "uint256",
                    "name": "amount",
                    "type": "uint256"
                }
            ],
            "name": "RewardClaimed",
            "type": "event"
        },
        {
            "anonymous": false,
            "inputs": [
                {
                    "indexed": false,
                    "internalType": "uint256",
                    "name": "oldValue",
                    "type": "uint256"
                },
                {
                    "indexed": false,
                    "internalType": "uint256",
                    "name": "newValue",
                    "type": "uint256"
                }
            ],
            "name": "RewardPerBlockChanged",
            "type": "event"
        },
        {
            "anonymous": false,
            "inputs": [
                {
                    "indexed": false,
                    "internalType": "address",
                    "name": "user",
                    "type": "address"
                },
                {
                    "indexed": false,
                    "internalType": "uint256",
                    "name": "amount",
                    "type": "uint256"
                }
            ],
            "name": "Withdraw",
            "type": "event"
        },
        {
            "inputs": [
                {
                    "internalType": "uint256",
                    "name": "amount",
                    "type": "uint256"
                }
            ],
            "name": "deposit",
            "outputs": [],
            "stateMutability": "nonpayable",
            "type": "function"
        },
        {
            "inputs": [],
            "name": "emergencyWithdraw",
            "outputs": [],
            "stateMutability": "nonpayable",
            "type": "function"
        },
        {
            "inputs": [],
            "name": "renounceOwnership",
            "outputs": [],
            "stateMutability": "nonpayable",
            "type": "function"
        },
        {
            "inputs": [
                {
                    "internalType": "uint256",
                    "name": "_rewardPerBlock",
                    "type": "uint256"
                }
            ],
            "name": "setRewardPerBlock",
            "outputs": [],
            "stateMutability": "nonpayable",
            "type": "function"
        },
        {
            "inputs": [
                {
                    "internalType": "uint256",
                    "name": "_daoShare",
                    "type": "uint256"
                },
                {
                    "internalType": "uint256",
                    "name": "_earlyFoundersShare",
                    "type": "uint256"
                }
            ],
            "name": "setShares",
            "outputs": [],
            "stateMutability": "nonpayable",
            "type": "function"
        },
        {
            "inputs": [
                {
                    "internalType": "address",
                    "name": "_daoWallet",
                    "type": "address"
                },
                {
                    "internalType": "address",
                    "name": "_earlyFoundersWallet",
                    "type": "address"
                }
            ],
            "name": "setWallets",
            "outputs": [],
            "stateMutability": "nonpayable",
            "type": "function"
        },
        {
            "inputs": [
                {
                    "internalType": "address",
                    "name": "newOwner",
                    "type": "address"
                }
            ],
            "name": "transferOwnership",
            "outputs": [],
            "stateMutability": "nonpayable",
            "type": "function"
        },
        {
            "inputs": [
                {
                    "internalType": "address",
                    "name": "_stakedToken",
                    "type": "address"
                },
                {
                    "internalType": "address",
                    "name": "_rewardToken",
                    "type": "address"
                },
                {
                    "internalType": "uint256",
                    "name": "_rewardPerBlock",
                    "type": "uint256"
                },
                {
                    "internalType": "uint256",
                    "name": "_daoShare",
                    "type": "uint256"
                },
                {
                    "internalType": "uint256",
                    "name": "_earlyFoundersShare",
                    "type": "uint256"
                }
            ],
            "stateMutability": "nonpayable",
            "type": "constructor"
        },
        {
            "inputs": [],
            "name": "update",
            "outputs": [],
            "stateMutability": "nonpayable",
            "type": "function"
        },
        {
            "inputs": [
                {
                    "internalType": "uint256",
                    "name": "amount",
                    "type": "uint256"
                }
            ],
            "name": "withdraw",
            "outputs": [],
            "stateMutability": "nonpayable",
            "type": "function"
        },
        {
            "inputs": [
                {
                    "internalType": "address",
                    "name": "to",
                    "type": "address"
                }
            ],
            "name": "withdrawAllRewardTokens",
            "outputs": [],
            "stateMutability": "nonpayable",
            "type": "function"
        },
        {
            "inputs": [
                {
                    "internalType": "address",
                    "name": "to",
                    "type": "address"
                }
            ],
            "name": "withdrawAllStakedtokens",
            "outputs": [],
            "stateMutability": "nonpayable",
            "type": "function"
        },
        {
            "inputs": [],
            "name": "withdrawParticleCollector",
            "outputs": [],
            "stateMutability": "nonpayable",
            "type": "function"
        },
        {
            "inputs": [],
            "name": "daoShare",
            "outputs": [
                {
                    "internalType": "uint256",
                    "name": "",
                    "type": "uint256"
                }
            ],
            "stateMutability": "view",
            "type": "function"
        },
        {
            "inputs": [],
            "name": "daoWallet",
            "outputs": [
                {
                    "internalType": "address",
                    "name": "",
                    "type": "address"
                }
            ],
            "stateMutability": "view",
            "type": "function"
        },
        {
            "inputs": [],
            "name": "earlyFoundersShare",
            "outputs": [
                {
                    "internalType": "uint256",
                    "name": "",
                    "type": "uint256"
                }
            ],
            "stateMutability": "view",
            "type": "function"
        },
        {
            "inputs": [],
            "name": "earlyFoundersWallet",
            "outputs": [
                {
                    "internalType": "address",
                    "name": "",
                    "type": "address"
                }
            ],
            "stateMutability": "view",
            "type": "function"
        },
        {
            "inputs": [],
            "name": "lastUpdatedBlock",
            "outputs": [
                {
                    "internalType": "uint256",
                    "name": "",
                    "type": "uint256"
                }
            ],
            "stateMutability": "view",
            "type": "function"
        },
        {
            "inputs": [],
            "name": "owner",
            "outputs": [
                {
                    "internalType": "address",
                    "name": "",
                    "type": "address"
                }
            ],
            "stateMutability": "view",
            "type": "function"
        },
        {
            "inputs": [],
            "name": "particleCollector",
            "outputs": [
                {
                    "internalType": "uint256",
                    "name": "",
                    "type": "uint256"
                }
            ],
            "stateMutability": "view",
            "type": "function"
        },
        {
            "inputs": [
                {
                    "internalType": "address",
                    "name": "_user",
                    "type": "address"
                }
            ],
            "name": "pendingReward",
            "outputs": [
                {
                    "internalType": "uint256",
                    "name": "",
                    "type": "uint256"
                }
            ],
            "stateMutability": "view",
            "type": "function"
        },
        {
            "inputs": [],
            "name": "rewardPerBlock",
            "outputs": [
                {
                    "internalType": "uint256",
                    "name": "",
                    "type": "uint256"
                }
            ],
            "stateMutability": "view",
            "type": "function"
        },
        {
            "inputs": [],
            "name": "rewardTillNowPerToken",
            "outputs": [
                {
                    "internalType": "uint256",
                    "name": "",
                    "type": "uint256"
                }
            ],
            "stateMutability": "view",
            "type": "function"
        },
        {
            "inputs": [],
            "name": "rewardToken",
            "outputs": [
                {
                    "internalType": "contract RewardToken",
                    "name": "",
                    "type": "address"
                }
            ],
            "stateMutability": "view",
            "type": "function"
        },
        {
            "inputs": [],
            "name": "scale",
            "outputs": [
                {
                    "internalType": "uint256",
                    "name": "",
                    "type": "uint256"
                }
            ],
            "stateMutability": "view",
            "type": "function"
        },
        {
            "inputs": [],
            "name": "stakedToken",
            "outputs": [
                {
                    "internalType": "contract StakedToken",
                    "name": "",
                    "type": "address"
                }
            ],
            "stateMutability": "view",
            "type": "function"
        },
        {
            "inputs": [
                {
                    "internalType": "address",
                    "name": "",
                    "type": "address"
                }
            ],
            "name": "users",
            "outputs": [
                {
                    "internalType": "uint256",
                    "name": "depositAmount",
                    "type": "uint256"
                },
                {
                    "internalType": "uint256",
                    "name": "paidReward",
                    "type": "uint256"
                }
            ],
            "stateMutability": "view",
            "type": "function"
        }
    ]
}